title,price,availability,rating,category,price_gbp,in_stock,price_inr
A Light in the Attic,Â£51.77,In stock,3,Poetry,51.77,True,5461.74
Tipping the Velvet,Â£53.74,In stock,1,Historical Fiction,53.74,True,5669.57
Soumission,Â£50.10,In stock,1,Fiction,50.1,True,5285.55
Sharp Objects,Â£47.82,In stock,4,Mystery,47.82,True,5045.01
Sapiens: A Brief History of Humankind,Â£54.23,In stock,5,History,54.23,True,5721.26
The Requiem Red,Â£22.65,In stock,1,Young Adult,22.65,True,2389.57
The Dirty Little Secrets of Getting Your Dream Job,Â£33.34,In stock,4,Business,33.34,True,3517.37
"The Coming Woman: A Novel Based on the Life of the Infamous Feminist, Victoria Woodhull",Â£17.93,In stock,3,Default,17.93,True,1891.62
The Boys in the Boat: Nine Americans and Their Epic Quest for Gold at the 1936 Berlin Olympics,Â£22.60,In stock,4,Default,22.6,True,2384.3
The Black Maria,Â£52.15,In stock,1,Poetry,52.15,True,5501.82
"Starving Hearts (Triangular Trade Trilogy, #1)",Â£13.99,In stock,2,Default,13.99,True,1475.94
Shakespeare's Sonnets,Â£20.66,In stock,4,Poetry,20.66,True,2179.63
Set Me Free,Â£17.46,In stock,5,Young Adult,17.46,True,1842.03
Scott Pilgrim's Precious Little Life (Scott Pilgrim #1),Â£52.29,In stock,5,Sequential Art,52.29,True,5516.6
Rip it Up and Start Again,Â£35.02,In stock,5,Music,35.02,True,3694.61
"Our Band Could Be Your Life: Scenes from the American Indie Underground, 1981-1991",Â£57.25,In stock,3,Music,57.25,True,6039.88
Olio,Â£23.88,In stock,1,Poetry,23.88,True,2519.34
Mesaerion: The Best Science Fiction Stories 1800-1849,Â£37.59,In stock,1,Science Fiction,37.59,True,3965.75
Libertarianism for Beginners,Â£51.33,In stock,2,Politics,51.33,True,5415.32
It's Only the Himalayas,Â£45.17,In stock,2,Travel,45.17,True,4765.44
In Her Wake,Â£12.84,In stock,1,Thriller,12.84,True,1354.62
How Music Works,Â£37.32,In stock,2,Music,37.32,True,3937.26
"Foolproof Preserving: A Guide to Small Batch Jams, Jellies, Pickles, Condiments, and More: A Foolproof Guide to Making Small Batch Jams, Jellies, Pickles, Condiments, and More",Â£30.52,In stock,3,Food and Drink,30.52,True,3219.86
Chase Me (Paris Nights #2),Â£25.27,In stock,5,Romance,25.27,True,2665.98
Black Dust,Â£34.53,In stock,5,Romance,34.53,True,3642.92
Birdsong: A Story in Pictures,Â£54.64,In stock,3,Childrens,54.64,True,5764.52
America's Cradle of Quarterbacks: Western Pennsylvania's Football Factory from Johnny Unitas to Joe Montana,Â£22.50,In stock,3,Default,22.5,True,2373.75
Aladdin and His Wonderful Lamp,Â£53.13,In stock,3,Default,53.13,True,5605.22
Worlds Elsewhere: Journeys Around Shakespeareâs Globe,Â£40.30,In stock,5,Nonfiction,40.3,True,4251.65
Wall and Piece,Â£44.18,In stock,4,Art,44.18,True,4660.99
The Four Agreements: A Practical Guide to Personal Freedom,Â£17.66,In stock,5,Spirituality,17.66,True,1863.13
The Five Love Languages: How to Express Heartfelt Commitment to Your Mate,Â£31.05,In stock,3,Nonfiction,31.05,True,3275.78
The Elephant Tree,Â£23.82,In stock,5,Thriller,23.82,True,2513.01
The Bear and the Piano,Â£36.89,In stock,1,Childrens,36.89,True,3891.9
Sophie's World,Â£15.94,In stock,5,Philosophy,15.94,True,1681.67
Penny Maybe,Â£33.29,In stock,3,Default,33.29,True,3512.1
Maude (1883-1993):She Grew Up with the country,Â£18.02,In stock,2,Default,18.02,True,1901.11
"In a Dark, Dark Wood",Â£19.63,In stock,1,Mystery,19.63,True,2070.96
Behind Closed Doors,Â£52.22,In stock,4,Thriller,52.22,True,5509.21
You can't bury them all: Poems,Â£33.63,In stock,2,Poetry,33.63,True,3547.96
Slow States of Collapse: Poems,Â£57.31,In stock,3,Poetry,57.31,True,6046.2
Reasons to Stay Alive,Â£26.41,In stock,2,Nonfiction,26.41,True,2786.26
Private Paris (Private #10),Â£47.61,In stock,5,Fiction,47.61,True,5022.85
#HigherSelfie: Wake Up Your Life. Free Your Soul. Find Your Tribe.,Â£23.11,In stock,5,Nonfiction,23.11,True,2438.1
Without Borders (Wanderlove #1),Â£45.07,In stock,2,New Adult,45.07,True,4754.88
When We Collided,Â£31.77,In stock,1,Contemporary,31.77,True,3351.74
"We Love You, Charlie Freeman",Â£50.27,In stock,5,Fiction,50.27,True,5303.48
Untitled Collection: Sabbath Poems 2014,Â£14.27,In stock,4,Poetry,14.27,True,1505.48
"Unseen City: The Majesty of Pigeons, the Discreet Charm of Snails & Other Wonders of the Urban Wilderness",Â£44.18,In stock,4,Nonfiction,44.18,True,4660.99
Unicorn Tracks,Â£18.78,In stock,3,Fantasy,18.78,True,1981.29
"Unbound: How Eight Technologies Made Us Human, Transformed Society, and Brought Our World to the Brink",Â£25.52,In stock,1,History,25.52,True,2692.36
Tsubasa: WoRLD CHRoNiCLE 2 (Tsubasa WoRLD CHRoNiCLE #2),Â£16.28,In stock,1,Sequential Art,16.28,True,1717.54
Throwing Rocks at the Google Bus: How Growth Became the Enemy of Prosperity,Â£31.12,In stock,3,Nonfiction,31.12,True,3283.16
This One Summer,Â£19.49,In stock,4,Sequential Art,19.49,True,2056.19
Thirst,Â£17.27,In stock,5,Fiction,17.27,True,1821.98
The Torch Is Passed: A Harding Family Story,Â£19.09,In stock,1,Add a comment,19.09,True,2014.0
The Secret of Dreadwillow Carse,Â£56.13,In stock,1,Childrens,56.13,True,5921.72
"The Pioneer Woman Cooks: Dinnertime: Comfort Classics, Freezer Food, 16-Minute Meals, and Other Delicious Ways to Solve Supper!",Â£56.41,In stock,1,Food and Drink,56.41,True,5951.25
The Past Never Ends,Â£56.50,In stock,4,Mystery,56.5,True,5960.75
The Natural History of Us (The Fine Art of Pretending #2),Â£45.22,In stock,3,Young Adult,45.22,True,4770.71
The Nameless City (The Nameless City #1),Â£38.16,In stock,4,Sequential Art,38.16,True,4025.88
The Murder That Never Was (Forensic Instincts #5),Â£54.11,In stock,3,Fiction,54.11,True,5708.6
The Most Perfect Thing: Inside (and Outside) a Bird's Egg,Â£42.96,In stock,4,Science,42.96,True,4532.28
"The Mindfulness and Acceptance Workbook for Anxiety: A Guide to Breaking Free from Anxiety, Phobias, and Worry Using Acceptance and Commitment Therapy",Â£23.89,In stock,4,Add a comment,23.89,True,2520.4
The Life-Changing Magic of Tidying Up: The Japanese Art of Decluttering and Organizing,Â£16.77,In stock,3,Nonfiction,16.77,True,1769.24
"The Inefficiency Assassin: Time Management Tactics for Working Smarter, Not Longer",Â£20.59,In stock,5,Default,20.59,True,2172.24
The Gutsy Girl: Escapades for Your Life of Epic Adventure,Â£37.13,In stock,1,Nonfiction,37.13,True,3917.22
The Electric Pencil: Drawings from Inside State Hospital No. 3,Â£56.06,In stock,1,Nonfiction,56.06,True,5914.33
The Death of Humanity: and the Case for Life,Â£58.11,In stock,4,Philosophy,58.11,True,6130.6
"The Bulletproof Diet: Lose up to a Pound a Day, Reclaim Energy and Focus, Upgrade Your Life",Â£49.05,In stock,3,Health,49.05,True,5174.77
The Art Forger,Â£40.76,In stock,3,Add a comment,40.76,True,4300.18
The Age of Genius: The Seventeenth Century and the Birth of the Modern Mind,Â£19.73,In stock,1,History,19.73,True,2081.52
The Activist's Tao Te Ching: Ancient Advice for a Modern Revolution,Â£32.24,In stock,5,Spirituality,32.24,True,3401.32
Spark Joy: An Illustrated Master Class on the Art of Organizing and Tidying Up,Â£41.83,In stock,4,Nonfiction,41.83,True,4413.06
Soul Reader,Â£39.58,In stock,2,Default,39.58,True,4175.69
Security,Â£39.25,In stock,2,Horror,39.25,True,4140.88
"Saga, Volume 6 (Saga (Collected Editions) #6)",Â£25.02,In stock,3,Fantasy,25.02,True,2639.61
"Saga, Volume 5 (Saga (Collected Editions) #5)",Â£51.04,In stock,2,Sequential Art,51.04,True,5384.72
Reskilling America: Learning to Labor in the Twenty-First Century,Â£19.83,In stock,2,Nonfiction,19.83,True,2092.06
"Rat Queens, Vol. 3: Demons (Rat Queens (Collected Editions) #11-15)",Â£50.40,In stock,3,Sequential Art,50.4,True,5317.2
"Princess Jellyfish 2-in-1 Omnibus, Vol. 01 (Princess Jellyfish 2-in-1 Omnibus #1)",Â£13.61,In stock,5,Sequential Art,13.61,True,1435.86
Princess Between Worlds (Wide-Awake Princess #5),Â£13.34,In stock,5,Fantasy,13.34,True,1407.37
"Pop Gun War, Volume 1: Gift",Â£18.97,In stock,1,Sequential Art,18.97,True,2001.33
"Political Suicide: Missteps, Peccadilloes, Bad Calls, Backroom Hijinx, Sordid Pasts, Rotten Breaks, and Just Plain Dumb Mistakes in the Annals of American Politics",Â£36.28,In stock,2,History,36.28,True,3827.54
Patience,Â£10.16,In stock,3,Sequential Art,10.16,True,1071.88
"Outcast, Vol. 1: A Darkness Surrounds Him (Outcast #1)",Â£15.44,In stock,4,Sequential Art,15.44,True,1628.92
orange: The Complete Collection 1 (orange: The Complete Collection #1),Â£48.41,In stock,1,Sequential Art,48.41,True,5107.25
Online Marketing for Busy Authors: A Step-By-Step Guide,Â£46.35,In stock,1,Self Help,46.35,True,4889.92
On a Midnight Clear,Â£14.07,In stock,3,Add a comment,14.07,True,1484.38
Obsidian (Lux #1),Â£14.86,In stock,2,Young Adult,14.86,True,1567.73
My Paris Kitchen: Recipes and Stories,Â£33.37,In stock,2,Food and Drink,33.37,True,3520.54
Masks and Shadows,Â£56.40,In stock,2,Fantasy,56.4,True,5950.2
"Mama Tried: Traditional Italian Cooking for the Screwed, Crude, Vegan, and Tattooed",Â£14.02,In stock,4,Food and Drink,14.02,True,1479.11
"Lumberjanes, Vol. 2: Friendship to the Max (Lumberjanes #5-8)",Â£46.91,In stock,2,Sequential Art,46.91,True,4949.0
"Lumberjanes, Vol. 1: Beware the Kitten Holy (Lumberjanes #1-4)",Â£45.61,In stock,3,Sequential Art,45.61,True,4811.85
Lumberjanes Vol. 3: A Terrible Plan (Lumberjanes #9-12),Â£19.92,In stock,2,Sequential Art,19.92,True,2101.56
"Layered: Baking, Building, and Styling Spectacular Cakes",Â£40.11,In stock,1,Food and Drink,40.11,True,4231.6
Judo: Seven Steps to Black Belt (an Introductory Guide for Beginners),Â£53.90,In stock,2,Add a comment,53.9,True,5686.45
Join,Â£35.67,In stock,5,Science Fiction,35.67,True,3763.19
In the Country We Love: My Family Divided,Â£22.00,In stock,4,Nonfiction,22.0,True,2321.0
