title,price,availability,rating,category
A Light in the Attic,Â£51.77,In stock,Three,Poetry
Tipping the Velvet,Â£53.74,In stock,One,Historical Fiction
Soumission,Â£50.10,In stock,One,Fiction
Sharp Objects,Â£47.82,In stock,Four,Mystery
Sapiens: A Brief History of Humankind,Â£54.23,In stock,Five,History
The Requiem Red,Â£22.65,In stock,One,Young Adult
The Dirty Little Secrets of Getting Your Dream Job,Â£33.34,In stock,Four,Business
"The Coming Woman: A Novel Based on the Life of the Infamous Feminist, Victoria Woodhull",Â£17.93,In stock,Three,Default
The Boys in the Boat: Nine Americans and Their Epic Quest for Gold at the 1936 Berlin Olympics,Â£22.60,In stock,Four,Default
The Black Maria,Â£52.15,In stock,One,Poetry
"Starving Hearts (Triangular Trade Trilogy, #1)",Â£13.99,In stock,Two,Default
Shakespeare's Sonnets,Â£20.66,In stock,Four,Poetry
Set Me Free,Â£17.46,In stock,Five,Young Adult
Scott Pilgrim's Precious Little Life (Scott Pilgrim #1),Â£52.29,In stock,Five,Sequential Art
Rip it Up and Start Again,Â£35.02,In stock,Five,Music
"Our Band Could Be Your Life: Scenes from the American Indie Underground, 1981-1991",Â£57.25,In stock,Three,Music
Olio,Â£23.88,In stock,One,Poetry
Mesaerion: The Best Science Fiction Stories 1800-1849,Â£37.59,In stock,One,Science Fiction
Libertarianism for Beginners,Â£51.33,In stock,Two,Politics
It's Only the Himalayas,Â£45.17,In stock,Two,Travel
In Her Wake,Â£12.84,In stock,One,Thriller
How Music Works,Â£37.32,In stock,Two,Music
"Foolproof Preserving: A Guide to Small Batch Jams, Jellies, Pickles, Condiments, and More: A Foolproof Guide to Making Small Batch Jams, Jellies, Pickles, Condiments, and More",Â£30.52,In stock,Three,Food and Drink
Chase Me (Paris Nights #2),Â£25.27,In stock,Five,Romance
Black Dust,Â£34.53,In stock,Five,Romance
Birdsong: A Story in Pictures,Â£54.64,In stock,Three,Childrens
America's Cradle of Quarterbacks: Western Pennsylvania's Football Factory from Johnny Unitas to Joe Montana,Â£22.50,In stock,Three,Default
Aladdin and His Wonderful Lamp,Â£53.13,In stock,Three,Default
Worlds Elsewhere: Journeys Around Shakespeareâs Globe,Â£40.30,In stock,Five,Nonfiction
Wall and Piece,Â£44.18,In stock,Four,Art
The Four Agreements: A Practical Guide to Personal Freedom,Â£17.66,In stock,Five,Spirituality
The Five Love Languages: How to Express Heartfelt Commitment to Your Mate,Â£31.05,In stock,Three,Nonfiction
The Elephant Tree,Â£23.82,In stock,Five,Thriller
The Bear and the Piano,Â£36.89,In stock,One,Childrens
Sophie's World,Â£15.94,In stock,Five,Philosophy
Penny Maybe,Â£33.29,In stock,Three,Default
Maude (1883-1993):She Grew Up with the country,Â£18.02,In stock,Two,Default
"In a Dark, Dark Wood",Â£19.63,In stock,One,Mystery
Behind Closed Doors,Â£52.22,In stock,Four,Thriller
You can't bury them all: Poems,Â£33.63,In stock,Two,Poetry
Slow States of Collapse: Poems,Â£57.31,In stock,Three,Poetry
Reasons to Stay Alive,Â£26.41,In stock,Two,Nonfiction
Private Paris (Private #10),Â£47.61,In stock,Five,Fiction
#HigherSelfie: Wake Up Your Life. Free Your Soul. Find Your Tribe.,Â£23.11,In stock,Five,Nonfiction
Without Borders (Wanderlove #1),Â£45.07,In stock,Two,New Adult
When We Collided,Â£31.77,In stock,One,Contemporary
"We Love You, Charlie Freeman",Â£50.27,In stock,Five,Fiction
Untitled Collection: Sabbath Poems 2014,Â£14.27,In stock,Four,Poetry
"Unseen City: The Majesty of Pigeons, the Discreet Charm of Snails & Other Wonders of the Urban Wilderness",Â£44.18,In stock,Four,Nonfiction
Unicorn Tracks,Â£18.78,In stock,Three,Fantasy
"Unbound: How Eight Technologies Made Us Human, Transformed Society, and Brought Our World to the Brink",Â£25.52,In stock,One,History
Tsubasa: WoRLD CHRoNiCLE 2 (Tsubasa WoRLD CHRoNiCLE #2),Â£16.28,In stock,One,Sequential Art
Throwing Rocks at the Google Bus: How Growth Became the Enemy of Prosperity,Â£31.12,In stock,Three,Nonfiction
This One Summer,Â£19.49,In stock,Four,Sequential Art
Thirst,Â£17.27,In stock,Five,Fiction
The Torch Is Passed: A Harding Family Story,Â£19.09,In stock,One,Add a comment
The Secret of Dreadwillow Carse,Â£56.13,In stock,One,Childrens
"The Pioneer Woman Cooks: Dinnertime: Comfort Classics, Freezer Food, 16-Minute Meals, and Other Delicious Ways to Solve Supper!",Â£56.41,In stock,One,Food and Drink
The Past Never Ends,Â£56.50,In stock,Four,Mystery
The Natural History of Us (The Fine Art of Pretending #2),Â£45.22,In stock,Three,Young Adult
The Nameless City (The Nameless City #1),Â£38.16,In stock,Four,Sequential Art
The Murder That Never Was (Forensic Instincts #5),Â£54.11,In stock,Three,Fiction
The Most Perfect Thing: Inside (and Outside) a Bird's Egg,Â£42.96,In stock,Four,Science
"The Mindfulness and Acceptance Workbook for Anxiety: A Guide to Breaking Free from Anxiety, Phobias, and Worry Using Acceptance and Commitment Therapy",Â£23.89,In stock,Four,Add a comment
The Life-Changing Magic of Tidying Up: The Japanese Art of Decluttering and Organizing,Â£16.77,In stock,Three,Nonfiction
"The Inefficiency Assassin: Time Management Tactics for Working Smarter, Not Longer",Â£20.59,In stock,Five,Default
The Gutsy Girl: Escapades for Your Life of Epic Adventure,Â£37.13,In stock,One,Nonfiction
The Electric Pencil: Drawings from Inside State Hospital No. 3,Â£56.06,In stock,One,Nonfiction
The Death of Humanity: and the Case for Life,Â£58.11,In stock,Four,Philosophy
"The Bulletproof Diet: Lose up to a Pound a Day, Reclaim Energy and Focus, Upgrade Your Life",Â£49.05,In stock,Three,Health
The Art Forger,Â£40.76,In stock,Three,Add a comment
The Age of Genius: The Seventeenth Century and the Birth of the Modern Mind,Â£19.73,In stock,One,History
The Activist's Tao Te Ching: Ancient Advice for a Modern Revolution,Â£32.24,In stock,Five,Spirituality
Spark Joy: An Illustrated Master Class on the Art of Organizing and Tidying Up,Â£41.83,In stock,Four,Nonfiction
Soul Reader,Â£39.58,In stock,Two,Default
Security,Â£39.25,In stock,Two,Horror
"Saga, Volume 6 (Saga (Collected Editions) #6)",Â£25.02,In stock,Three,Fantasy
"Saga, Volume 5 (Saga (Collected Editions) #5)",Â£51.04,In stock,Two,Sequential Art
Reskilling America: Learning to Labor in the Twenty-First Century,Â£19.83,In stock,Two,Nonfiction
"Rat Queens, Vol. 3: Demons (Rat Queens (Collected Editions) #11-15)",Â£50.40,In stock,Three,Sequential Art
"Princess Jellyfish 2-in-1 Omnibus, Vol. 01 (Princess Jellyfish 2-in-1 Omnibus #1)",Â£13.61,In stock,Five,Sequential Art
Princess Between Worlds (Wide-Awake Princess #5),Â£13.34,In stock,Five,Fantasy
"Pop Gun War, Volume 1: Gift",Â£18.97,In stock,One,Sequential Art
"Political Suicide: Missteps, Peccadilloes, Bad Calls, Backroom Hijinx, Sordid Pasts, Rotten Breaks, and Just Plain Dumb Mistakes in the Annals of American Politics",Â£36.28,In stock,Two,History
Patience,Â£10.16,In stock,Three,Sequential Art
"Outcast, Vol. 1: A Darkness Surrounds Him (Outcast #1)",Â£15.44,In stock,Four,Sequential Art
orange: The Complete Collection 1 (orange: The Complete Collection #1),Â£48.41,In stock,One,Sequential Art
Online Marketing for Busy Authors: A Step-By-Step Guide,Â£46.35,In stock,One,Self Help
On a Midnight Clear,Â£14.07,In stock,Three,Add a comment
Obsidian (Lux #1),Â£14.86,In stock,Two,Young Adult
My Paris Kitchen: Recipes and Stories,Â£33.37,In stock,Two,Food and Drink
Masks and Shadows,Â£56.40,In stock,Two,Fantasy
"Mama Tried: Traditional Italian Cooking for the Screwed, Crude, Vegan, and Tattooed",Â£14.02,In stock,Four,Food and Drink
"Lumberjanes, Vol. 2: Friendship to the Max (Lumberjanes #5-8)",Â£46.91,In stock,Two,Sequential Art
"Lumberjanes, Vol. 1: Beware the Kitten Holy (Lumberjanes #1-4)",Â£45.61,In stock,Three,Sequential Art
Lumberjanes Vol. 3: A Terrible Plan (Lumberjanes #9-12),Â£19.92,In stock,Two,Sequential Art
"Layered: Baking, Building, and Styling Spectacular Cakes",Â£40.11,In stock,One,Food and Drink
Judo: Seven Steps to Black Belt (an Introductory Guide for Beginners),Â£53.90,In stock,Two,Add a comment
Join,Â£35.67,In stock,Five,Science Fiction
In the Country We Love: My Family Divided,Â£22.00,In stock,Four,Nonfiction
